../images/test/data/Just_Images/African/Woman/m.032nf0_0001.jpg,../images/test/data/Just_Images/African/Woman/m.032nf0_0002.jpg,1,1
../images/test/data/Just_Images/African/Woman/m.0bc5s3_0002.jpg,../images/test/data/Just_Images/African/Woman/m.0bc5s3_0001.jpg,1,1
../images/test/data/Just_Images/African/Woman/m.025w3_q_0001.jpg,../images/test/data/Just_Images/African/Woman/m.025w3_q_0002.jpg,1,1
../images/test/data/Just_Images/African/Woman/m.03pbg__0003.jpg,../images/test/data/Just_Images/African/Woman/m.03pbg__0002.jpg,1,1
../images/test/data/Just_Images/African/Woman/m.0j9q6h4_0003.jpg,../images/test/data/Just_Images/African/Woman/m.0j9q6h4_0004.jpg,0,1
../images/test/data/Just_Images/African/Woman/m.0dqmwf_0001.jpg,../images/test/data/Just_Images/African/Woman/m.0dqmwf_0003.jpg,0,1
../images/test/data/Just_Images/African/Woman/m.07jkvy_0003.jpg,../images/test/data/Just_Images/African/Man/m.09wk54_0002.jpg,0,0
../images/test/data/Just_Images/African/Woman/m.0g54w0q_0003.jpg,../images/test/data/Just_Images/African/Man/m.09v3br0_0001.jpg,0,0
../images/test/data/Just_Images/African/Woman/m.0k_xbj_0004.jpg,../images/test/data/Just_Images/African/Woman/m.0k_xbj_0001.jpg,1,1
../images/test/data/Just_Images/African/Woman/m.01w8pdx_0003.jpg,../images/test/data/Just_Images/African/Woman/m.01w8pdx_0002.jpg,0,1
../images/test/data/Just_Images/African/Woman/m.09lj1__0002.jpg,../images/test/data/Just_Images/African/Woman/m.09lj1__0001.jpg,1,1
../images/test/data/Just_Images/African/Woman/m.04lxlw_0002.jpg,../images/test/data/Just_Images/African/Woman/m.04lxlw_0001.jpg,1,1
../images/test/data/Just_Images/African/Woman/m.042zlm_0001.jpg,../images/test/data/Just_Images/African/Woman/m.042zlm_0004.jpg,1,1
../images/test/data/Just_Images/African/Woman/m.027tw7s_0002.jpg,../images/test/data/Just_Images/African/Woman/m.027tw7s_0003.jpg,0,1
../images/test/data/Just_Images/African/Woman/m.02vkc2r_0002.jpg,../images/test/data/Just_Images/African/Woman/m.02vkc2r_0003.jpg,1,1
../images/test/data/Just_Images/African/Woman/m.0gyq77_0004.jpg,../images/test/data/Just_Images/African/Woman/m.0gyq77_0001.jpg,1,1
../images/test/data/Just_Images/African/Woman/m.0crjgjj_0002.jpg,../images/test/data/Just_Images/African/Woman/m.0crjgjj_0003.jpg,1,1
../images/test/data/Just_Images/African/Woman/m.025w3_q_0003.jpg,../images/test/data/Just_Images/African/Man/m.03j1s9d_0001.jpg,1,0
../images/test/data/Just_Images/African/Woman/m.045twr_0003.jpg,../images/test/data/Just_Images/African/Man/m.08j85q_0002.jpg,0,0
../images/test/data/Just_Images/African/Woman/m.04lxlw_0003.jpg,../images/test/data/Just_Images/African/Man/m.08sw2b_0002.jpg,0,0
../images/test/data/Just_Images/African/Woman/m.03w9ntf_0002.jpg,../images/test/data/Just_Images/African/Man/m.01mx_5r_0004.jpg,1,0
../images/test/data/Just_Images/African/Woman/m.0bhxsn_0001.jpg,../images/test/data/Just_Images/African/Woman/m.0bhxsn_0002.jpg,1,1
../images/test/data/Just_Images/African/Woman/m.06sgrn_0003.jpg,../images/test/data/Just_Images/African/Woman/m.06sgrn_0001.jpg,0,1
../images/test/data/Just_Images/African/Woman/m.0bd29m_0003.jpg,../images/test/data/Just_Images/African/Woman/m.0bd29m_0002.jpg,1,1
../images/test/data/Just_Images/African/Woman/m.02r13m0_0003.jpg,../images/test/data/Just_Images/African/Man/m.0bj2pt_0005.jpg,0,0
../images/test/data/Just_Images/African/Woman/m.0bc5s3_0001.jpg,../images/test/data/Just_Images/African/Man/m.0285_b0_0002.jpg,0,0
../images/test/data/Just_Images/African/Woman/m.01pss2n_0002.jpg,../images/test/data/Just_Images/African/Man/m.086nw4_0003.jpg,0,0
../images/test/data/Just_Images/African/Woman/m.027tw7s_0001.jpg,../images/test/data/Just_Images/African/Man/m.0490qc_0001.jpg,0,0
../images/test/data/Just_Images/African/Woman/m.06sgrn_0002.jpg,../images/test/data/Just_Images/African/Man/m.04bxrg_0002.jpg,0,0
../images/test/data/Just_Images/African/Woman/m.0dryqdt_0002.jpg,../images/test/data/Just_Images/African/Man/m.044y44_0001.jpg,1,0
../images/test/data/Just_Images/African/Woman/m.026fkt_0002.jpg,../images/test/data/Just_Images/African/Man/m.080f09_0002.jpg,0,0
../images/test/data/Just_Images/African/Woman/m.0gg6g8q_0002.jpg,../images/test/data/Just_Images/African/Man/m.06t3dp_0001.jpg,0,0
../images/test/data/Just_Images/African/Woman/m.03nwvgl_0001.jpg,../images/test/data/Just_Images/African/Woman/m.03nwvgl_0003.jpg,1,1
../images/test/data/Just_Images/African/Woman/m.0fqb1w5_0002.jpg,../images/test/data/Just_Images/African/Woman/m.0fqb1w5_0001.jpg,1,1
../images/test/data/Just_Images/African/Woman/m.04v_0f_0001.jpg,../images/test/data/Just_Images/African/Woman/m.04v_0f_0003.jpg,0,1
../images/test/data/Just_Images/African/Woman/m.07k63fx_0003.jpg,../images/test/data/Just_Images/African/Woman/m.07k63fx_0002.jpg,1,1
../images/test/data/Just_Images/African/Woman/m.0g28w1_0002.jpg,../images/test/data/Just_Images/African/Woman/m.0g28w1_0003.jpg,1,1
../images/test/data/Just_Images/African/Woman/m.0bpfnk_0002.jpg,../images/test/data/Just_Images/African/Man/m.07yzhp_0003.jpg,0,0
../images/test/data/Just_Images/African/Woman/m.0nd35dq_0003.jpg,../images/test/data/Just_Images/African/Man/m.03966s_0005.jpg,0,0
../images/test/data/Just_Images/African/Woman/m.076v2rv_0001.jpg,../images/test/data/Just_Images/African/Man/m.0523l3f_0002.jpg,0,0
../images/test/data/Just_Images/African/Woman/m.0dqmwf_0002.jpg,../images/test/data/Just_Images/African/Man/m.06t3dp_0002.jpg,0,0
../images/test/data/Just_Images/African/Woman/m.01pss2n_0001.jpg,../images/test/data/Just_Images/African/Woman/m.01pss2n_0003.jpg,0,1
../images/test/data/Just_Images/African/Woman/m.07jkvy_0002.jpg,../images/test/data/Just_Images/African/Woman/m.07jkvy_0004.jpg,1,1
../images/test/data/Just_Images/African/Woman/m.0dvhrz_0002.jpg,../images/test/data/Just_Images/African/Woman/m.0dvhrz_0001.jpg,1,1
../images/test/data/Just_Images/African/Woman/m.0mc36_0001.jpg,../images/test/data/Just_Images/African/Woman/m.0mc36_0002.jpg,1,1
../images/test/data/Just_Images/African/Woman/m.02r13m0_0001.jpg,../images/test/data/Just_Images/African/Woman/m.02r13m0_0002.jpg,0,1
../images/test/data/Just_Images/African/Woman/m.0809hqc_0003.jpg,../images/test/data/Just_Images/African/Woman/m.0809hqc_0004.jpg,1,1
../images/test/data/Just_Images/African/Woman/m.076v2rv_0004.jpg,../images/test/data/Just_Images/African/Woman/m.076v2rv_0002.jpg,1,1
../images/test/data/Just_Images/African/Woman/m.0kswqn_0003.jpg,../images/test/data/Just_Images/African/Woman/m.0kswqn_0002.jpg,0,1
../images/test/data/Just_Images/African/Woman/m.02qlvxk_0003.jpg,../images/test/data/Just_Images/African/Man/m.04cyrd5_0002.jpg,0,0
../images/test/data/Just_Images/African/Woman/m.0j9q6h4_0002.jpg,../images/test/data/Just_Images/African/Man/m.09gfbg_0004.jpg,1,0
../images/test/data/Just_Images/African/Woman/m.01lnq_p_0003.jpg,../images/test/data/Just_Images/African/Man/m.03f0j8g_0003.jpg,0,0
../images/test/data/Just_Images/African/Woman/m.03c7jwf_0001.jpg,../images/test/data/Just_Images/African/Man/m.02602rw_0003.jpg,0,0
../images/test/data/Just_Images/African/Woman/m.012gr9_0002.jpg,../images/test/data/Just_Images/African/Man/m.07c75l_0005.jpg,0,0
../images/test/data/Just_Images/African/Woman/m.02pkjwb_0003.jpg,../images/test/data/Just_Images/African/Man/m.03hmydc_0001.jpg,1,0
../images/test/data/Just_Images/African/Woman/m.03hzzrj_0004.jpg,../images/test/data/Just_Images/African/Man/m.04lgh8j_0001.jpg,0,0
../images/test/data/Just_Images/African/Woman/m.01w8pdx_0001.jpg,../images/test/data/Just_Images/African/Man/m.0j446m6_0001.jpg,0,0
../images/test/data/Just_Images/African/Woman/m.07wmvk_0002.jpg,../images/test/data/Just_Images/African/Man/m.02z5jqp_0002.jpg,0,0
../images/test/data/Just_Images/African/Woman/m.09lj1__0003.jpg,../images/test/data/Just_Images/African/Man/m.0fqwgf4_0004.jpg,0,0
../images/test/data/Just_Images/African/Woman/m.066wtm_0003.jpg,../images/test/data/Just_Images/African/Man/m.02w4tcp_0002.jpg,0,0
../images/test/data/Just_Images/African/Woman/m.05jwk9_0002.jpg,../images/test/data/Just_Images/African/Woman/m.05jwk9_0003.jpg,1,1
../images/test/data/Just_Images/African/Woman/m.0gg6g8q_0003.jpg,../images/test/data/Just_Images/African/Woman/m.0gg6g8q_0001.jpg,1,1
../images/test/data/Just_Images/African/Woman/m.01lnq_p_0001.jpg,../images/test/data/Just_Images/African/Woman/m.01lnq_p_0002.jpg,1,1
../images/test/data/Just_Images/African/Woman/m.012mmb_0001.jpg,../images/test/data/Just_Images/African/Woman/m.012mmb_0002.jpg,1,1
../images/test/data/Just_Images/African/Woman/m.05p0_mj_0001.jpg,../images/test/data/Just_Images/African/Woman/m.05p0_mj_0002.jpg,1,1
../images/test/data/Just_Images/African/Woman/m.03hzzrj_0002.jpg,../images/test/data/Just_Images/African/Woman/m.03hzzrj_0001.jpg,1,1
../images/test/data/Just_Images/African/Woman/m.045twr_0002.jpg,../images/test/data/Just_Images/African/Woman/m.045twr_0001.jpg,1,1
../images/test/data/Just_Images/African/Woman/m.0c7fm1_0003.jpg,../images/test/data/Just_Images/African/Woman/m.0c7fm1_0004.jpg,1,1
../images/test/data/Just_Images/African/Woman/m.02nxb5_0003.jpg,../images/test/data/Just_Images/African/Woman/m.02nxb5_0004.jpg,0,1
../images/test/data/Just_Images/African/Woman/m.03pbg__0001.jpg,../images/test/data/Just_Images/African/Man/m.03tn1j_0001.jpg,0,0
../images/test/data/Just_Images/African/Woman/m.05jwk9_0005.jpg,../images/test/data/Just_Images/African/Man/m.064ll_9_0003.jpg,1,0
../images/test/data/Just_Images/African/Woman/m.0k_xbj_0002.jpg,../images/test/data/Just_Images/African/Man/m.0gg4mkx_0003.jpg,0,0
../images/test/data/Just_Images/African/Woman/m.0c7fm1_0002.jpg,../images/test/data/Just_Images/African/Man/m.02664bd_0002.jpg,0,0
../images/test/data/Just_Images/African/Woman/m.026y610_0001.jpg,../images/test/data/Just_Images/African/Man/m.08dfv4_0002.jpg,0,0
../images/test/data/Just_Images/African/Woman/m.0dvhrz_0004.jpg,../images/test/data/Just_Images/African/Man/m.0czbtdm_0003.jpg,0,0
../images/test/data/Just_Images/African/Woman/m.0b76t68_0001.jpg,../images/test/data/Just_Images/African/Woman/m.0b76t68_0003.jpg,1,1
../images/test/data/Just_Images/African/Woman/m.012gr9_0002.jpg,../images/test/data/Just_Images/African/Woman/m.012gr9_0001.jpg,0,1
../images/test/data/Just_Images/African/Woman/m.026fkt_0002.jpg,../images/test/data/Just_Images/African/Woman/m.026fkt_0001.jpg,1,1
../images/test/data/Just_Images/African/Woman/m.0p8s_gx_0003.jpg,../images/test/data/Just_Images/African/Woman/m.0p8s_gx_0002.jpg,1,1
../images/test/data/Just_Images/African/Woman/m.0k_xbj_0005.jpg,../images/test/data/Just_Images/African/Woman/m.0k_xbj_0003.jpg,0,1
../images/test/data/Just_Images/African/Woman/m.02ltjc_0001.jpg,../images/test/data/Just_Images/African/Woman/m.02ltjc_0002.jpg,0,1
../images/test/data/Just_Images/African/Woman/m.0nd35dq_0002.jpg,../images/test/data/Just_Images/African/Woman/m.0nd35dq_0001.jpg,1,1
../images/test/data/Just_Images/African/Woman/m.05q6t9l_0003.jpg,../images/test/data/Just_Images/African/Man/m.02z21c6_0001.jpg,0,0
../images/test/data/Just_Images/African/Woman/m.012mmb_0003.jpg,../images/test/data/Just_Images/African/Man/m.01w5814_0002.jpg,0,0
../images/test/data/Just_Images/African/Woman/m.04v_0f_0002.jpg,../images/test/data/Just_Images/African/Man/m.05c9lt_0003.jpg,0,0
../images/test/data/Just_Images/African/Woman/m.0g28w1_0001.jpg,../images/test/data/Just_Images/African/Man/m.09mcr7_0004.jpg,0,0
../images/test/data/Just_Images/African/Woman/m.042zlm_0003.jpg,../images/test/data/Just_Images/African/Man/m.02qpyql_0002.jpg,0,0
../images/test/data/Just_Images/African/Woman/m.04f40j8_0002.jpg,../images/test/data/Just_Images/African/Woman/m.04f40j8_0003.jpg,1,1
../images/test/data/Just_Images/African/Woman/m.02qlvxk_0002.jpg,../images/test/data/Just_Images/African/Woman/m.02qlvxk_0001.jpg,1,1
../images/test/data/Just_Images/African/Woman/m.0bpfnk_0001.jpg,../images/test/data/Just_Images/African/Woman/m.0bpfnk_0004.jpg,1,1
../images/test/data/Just_Images/African/Woman/m.05q6t9l_0002.jpg,../images/test/data/Just_Images/African/Woman/m.05q6t9l_0001.jpg,1,1
../images/test/data/Just_Images/African/Woman/m.05p0_mj_0003.jpg,../images/test/data/Just_Images/African/Man/m.0c31p__0004.jpg,0,0
../images/test/data/Just_Images/African/Woman/m.0809hqc_0001.jpg,../images/test/data/Just_Images/African/Man/m.0268nqw_0001.jpg,0,0
../images/test/data/Just_Images/African/Woman/m.01kx43w_0004.jpg,../images/test/data/Just_Images/African/Man/m.01vv6_6_0001.jpg,0,0
../images/test/data/Just_Images/African/Woman/m.0b76t68_0002.jpg,../images/test/data/Just_Images/African/Man/m.03m_g6_0001.jpg,0,0
../images/test/data/Just_Images/African/Woman/m.04f40j8_0001.jpg,../images/test/data/Just_Images/African/Man/m.0jt5tdh_0005.jpg,0,0
../images/test/data/Just_Images/African/Woman/m.032nf0_0002.jpg,../images/test/data/Just_Images/African/Man/m.0p3m5ml_0003.jpg,0,0
../images/test/data/Just_Images/African/Woman/m.03_hjv_0003.jpg,../images/test/data/Just_Images/African/Man/m.0bsn3s_0001.jpg,0,0
../images/test/data/Just_Images/African/Woman/m.0mc36_0001.jpg,../images/test/data/Just_Images/African/Man/m.03d7sq__0001.jpg,0,0
../images/test/data/Just_Images/African/Woman/m.03nwvgl_0002.jpg,../images/test/data/Just_Images/African/Man/m.0gd0hy_0002.jpg,0,0
../images/test/data/Just_Images/African/Woman/m.03_hjv_0004.jpg,../images/test/data/Just_Images/African/Woman/m.03_hjv_0001.jpg,0,1
../images/test/data/Just_Images/African/Woman/m.0dryqdt_0001.jpg,../images/test/data/Just_Images/African/Woman/m.0dryqdt_0002.jpg,1,1
../images/test/data/Just_Images/African/Woman/m.0g54w0q_0001.jpg,../images/test/data/Just_Images/African/Woman/m.0g54w0q_0002.jpg,1,1
../images/test/data/Just_Images/African/Woman/m.01kx43w_0003.jpg,../images/test/data/Just_Images/African/Woman/m.01kx43w_0001.jpg,0,1
../images/test/data/Just_Images/African/Woman/m.026y610_0003.jpg,../images/test/data/Just_Images/African/Woman/m.026y610_0002.jpg,1,1
../images/test/data/Just_Images/African/Woman/m.0bd29m_0001.jpg,../images/test/data/Just_Images/African/Man/m.0b744d9_0001.jpg,0,0
../images/test/data/Just_Images/African/Woman/m.02ltjc_0003.jpg,../images/test/data/Just_Images/African/Man/m.01f97r_0005.jpg,0,0
../images/test/data/Just_Images/African/Woman/m.0bhxsn_0002.jpg,../images/test/data/Just_Images/African/Man/m.01lmtl_0004.jpg,0,0
../images/test/data/Just_Images/African/Woman/m.07k63fx_0003.jpg,../images/test/data/Just_Images/African/Man/m.07xrt3_0003.jpg,0,0
../images/test/data/Just_Images/African/Woman/m.02vkc2r_0001.jpg,../images/test/data/Just_Images/African/Woman/m.02ltjc_0004.jpg,1,0
../images/test/data/Just_Images/African/Woman/m.07wmvk_0001.jpg,../images/test/data/Just_Images/African/Woman/m.07wmvk_0003.jpg,0,1
../images/test/data/Just_Images/African/Woman/m.03c7jwf_0003.jpg,../images/test/data/Just_Images/African/Woman/m.03c7jwf_0002.jpg,1,1
../images/test/data/Just_Images/African/Woman/m.066wtm_0002.jpg,../images/test/data/Just_Images/African/Woman/m.066wtm_0001.jpg,1,1
../images/test/data/Just_Images/African/Woman/m.03w9ntf_0001.jpg,../images/test/data/Just_Images/African/Woman/m.03w9ntf_0003.jpg,1,1
../images/test/data/Just_Images/African/Woman/m.02pkjwb_0002.jpg,../images/test/data/Just_Images/African/Woman/m.02pkjwb_0001.jpg,1,1
../images/test/data/Just_Images/African/Woman/m.0p8s_gx_0001.jpg,../images/test/data/Just_Images/African/Man/m.01sgd8_0001.jpg,0,0
../images/test/data/Just_Images/African/Woman/m.0gyq77_0003.jpg,../images/test/data/Just_Images/African/Man/m.05_j1v_0002.jpg,0,0
../images/test/data/Just_Images/African/Woman/m.02nxb5_0002.jpg,../images/test/data/Just_Images/African/Man/m.02nz7c_0003.jpg,0,0
../images/test/data/Just_Images/African/Woman/m.0fqb1w5_0003.jpg,../images/test/data/Just_Images/African/Man/m.07t_zd_0002.jpg,0,0
../images/test/data/Just_Images/African/Woman/m.0crjgjj_0001.jpg,../images/test/data/Just_Images/African/Man/m.09vyb6_0002.jpg,0,0
../images/test/data/Just_Images/African/Woman/m.0kswqn_0001.jpg,../images/test/data/Just_Images/African/Woman/m.09lj1__0001.jpg,0,0
